99.999977893,-99.937308669,0.000000000,0.000000000,0.000000000,0.000000000,0.100000000,0.000000000
0.000000000,0.000000000,0.000000000,0.000000000,0.000000000,0.000000000,0.100000000,0.000000000
0.000000000,0.000000000,0.000000000,0.000000000,0.000000000,0.000000000,0.100000000,0.000000000
0.000000000,0.000000000,0.000000000,0.000000000,0.000000000,0.000000000,0.100000000,0.000000000
0.000000000,0.000000000,0.000000000,0.000000000,0.000000000,0.000000000,0.100000000,0.000000000
0.000000000,0.000000000,0.000000000,0.000000000,0.000000000,0.000000000,0.100000000,0.000000000
0.000000000,0.000000000,0.000000000,0.000000000,0.000000000,0.000000000,0.100000000,0.000000000
0.000000000,0.000000000,0.000000000,0.000000000,0.000000000,0.000000000,0.100000000,0.000000000
0.000000000,0.000000000,0.000000000,0.000000000,0.000000000,0.000000000,0.100000000,0.000000000
0.000000000,0.000000000,0.000000000,0.000000000,0.000000000,0.000000000,0.100000000,0.000000000
0.000000000,0.000000000,0.000000000,0.000000000,0.000000000,0.000000000,0.100000000,0.000000000
0.000000000,0.000000000,0.000000000,0.000000000,0.000000000,0.000000000,0.100000000,0.000000000
0.000000000,0.000000000,0.000000000,0.000000000,0.000000000,0.000000000,0.100000000,0.000000000
0.000000000,0.000000000,0.000000000,0.000000000,0.000000000,0.000000000,0.100000000,0.000000000
0.000000000,0.000000000,0.000000000,0.000000000,0.000000000,0.000000000,0.100000000,0.000000000
0.000000000,0.000000000,0.000000000,0.000000000,0.000000000,0.000000000,0.100000000,0.000000000
0.000000000,0.000000000,0.000000000,0.000000000,0.000000000,0.000000000,0.100000000,0.000000000
0.000000000,0.000000000,0.000000000,0.000000000,0.000000000,0.000000000,0.100000000,0.000000000
0.000000000,0.000000000,0.000000000,0.000000000,0.000000000,0.000000000,0.100000000,0.000000000
0.000000000,0.000000000,0.000000000,0.000000000,0.000000000,0.000000000,0.100000000,0.000000000
0.000000000,0.000000000,0.000000000,0.000000000,0.000000000,0.000000000,0.100000000,0.000000000
0.000000000,0.000000000,0.000000000,0.000000000,0.000000000,0.000000000,0.100000000,0.000000000
0.000000000,0.000000000,0.000000000,0.000000000,0.000000000,0.000000000,0.100000000,0.000000000
0.000000000,0.000000000,0.000000000,0.000000000,0.000000000,0.000000000,0.100000000,0.000000000
0.000000000,0.000000000,0.000000000,0.000000000,0.000000000,0.000000000,0.100000000,0.000000000
0.000000000,0.000000000,0.000000000,0.000000000,0.000000000,0.000000000,0.100000000,0.000000000
0.000000000,0.000000000,0.000000000,0.000000000,0.000000000,0.000000000,0.100000000,0.000000000
0.000000000,0.000000000,0.000000000,0.000000000,0.000000000,0.000000000,0.100000000,0.000000000
0.000000000,0.000000000,0.000000000,0.000000000,0.000000000,0.000000000,0.100000000,0.000000000
0.000000000,0.000000000,0.000000000,0.000000000,0.000000000,0.000000000,0.100000000,0.000000000
0.000000000,0.000000000,0.000000000,0.000000000,0.000000000,0.000000000,0.100000000,0.000000000
0.000000000,0.000000000,0.000000000,0.000000000,0.000000000,0.000000000,0.100000000,0.000000000
0.000000000,0.000000000,0.000000000,0.000000000,0.000000000,0.000000000,0.100000000,0.000000000
0.000000000,0.000000000,0.000000000,0.000000000,0.000000000,0.000000000,0.100000000,0.000000000
0.000000000,0.000000000,0.000000000,0.000000000,0.000000000,0.000000000,0.100000000,0.000000000
0.000000000,0.000000000,0.000000000,0.000000000,0.000000000,0.000000000,0.100000000,0.000000000
0.000000000,0.000000000,0.000000000,0.000000000,0.000000000,0.000000000,0.100000000,0.000000000
0.000000000,0.000000000,0.000000000,0.000000000,0.000000000,0.000000000,0.100000000,0.000000000
0.000000000,0.000000000,0.000000000,0.000000000,0.000000000,0.000000000,0.100000000,0.000000000
0.000000000,0.000000000,0.000000000,0.000000000,0.000000000,0.000000000,0.100000000,0.000000000
0.000000000,0.000000000,0.000000000,0.000000000,0.000000000,0.000000000,0.100000000,0.000000000
0.000000000,0.000000000,0.000000000,0.000000000,0.000000000,0.000000000,0.100000000,0.000000000
0.000000000,0.000000000,0.000000000,0.000000000,0.000000000,0.000000000,0.100000000,0.000000000
0.000000000,0.000000000,0.000000000,0.000000000,0.000000000,0.000000000,0.100000000,0.000000000
0.000000000,0.000000000,0.000000000,0.000000000,0.000000000,0.000000000,0.100000000,0.000000000
0.000000000,0.000000000,0.000000000,0.000000000,0.000000000,0.000000000,0.100000000,0.000000000
0.000000000,0.000000000,0.000000000,0.000000000,0.000000000,0.000000000,0.100000000,0.000000000
0.000000000,0.000000000,0.000000000,0.000000000,0.000000000,0.000000000,0.100000000,0.000000000
0.000000000,0.000000000,0.000000000,0.000000000,0.000000000,0.000000000,0.100000000,0.000000000
0.000000000,0.000000000,0.000000000,0.000000000,0.000000000,0.000000000,0.100000000,0.000000000
0.000000000,0.000000000,0.000000000,0.000000000,0.000000000,0.000000000,0.100000000,0.000000000
0.000000000,0.000000000,0.000000000,0.000000000,0.000000000,0.000000000,0.100000000,0.000000000
0.000000000,0.000000000,0.000000000,0.000000000,0.000000000,0.000000000,0.100000000,0.000000000
0.000000000,0.000000000,0.000000000,0.000000000,0.000000000,0.000000000,0.100000000,0.000000000
0.000000000,0.000000000,0.000000000,0.000000000,0.000000000,0.000000000,0.100000000,0.000000000
0.000000000,0.000000000,0.000000000,0.000000000,0.000000000,0.000000000,0.100000000,0.000000000
0.000000000,0.000000000,0.000000000,0.000000000,0.000000000,0.000000000,0.100000000,0.000000000
0.000000000,0.000000000,0.000000000,0.000000000,0.000000000,0.000000000,0.100000000,0.000000000
0.000000000,0.000000000,0.000000000,0.000000000,0.000000000,0.000000000,0.100000000,0.000000000
0.000000000,0.000000000,0.000000000,0.000000000,0.000000000,0.000000000,0.100000000,0.000000000
0.000000000,0.000000000,0.000000000,0.000000000,0.000000000,0.000000000,0.100000000,0.000000000
0.000000000,0.000000000,0.000000000,0.000000000,0.000000000,0.000000000,0.100000000,0.000000000
0.000000000,0.000000000,0.000000000,0.000000000,0.000000000,0.000000000,0.100000000,0.000000000
0.000000000,0.000000000,0.000000000,0.000000000,0.000000000,0.000000000,0.100000000,0.000000000
0.000000000,0.000000000,0.000000000,0.000000000,0.000000000,0.000000000,0.100000000,0.000000000
0.000000000,0.000000000,0.000000000,0.000000000,0.000000000,0.000000000,0.100000000,0.000000000
0.000000000,0.000000000,0.000000000,0.000000000,0.000000000,0.000000000,0.100000000,0.000000000
0.000000000,0.000000000,0.000000000,0.000000000,0.000000000,0.000000000,0.100000000,0.000000000
0.000000000,0.000000000,0.000000000,0.000000000,0.000000000,0.000000000,0.100000000,0.000000000
0.000000000,0.000000000,0.000000000,0.000000000,0.000000000,0.000000000,0.100000000,0.000000000
0.000000000,0.000000000,0.000000000,0.000000000,0.000000000,0.000000000,0.100000000,0.000000000
0.000000000,0.000000000,0.000000000,0.000000000,0.000000000,0.000000000,0.100000000,0.000000000
0.000000000,0.000000000,0.000000000,0.000000000,0.000000000,0.000000000,0.100000000,0.000000000
0.000000000,0.000000000,0.000000000,0.000000000,0.000000000,0.000000000,0.100000000,0.000000000
0.000000000,0.000000000,0.000000000,0.000000000,0.000000000,0.000000000,0.100000000,0.000000000
0.000000000,0.000000000,0.000000000,0.000000000,0.000000000,0.000000000,0.100000000,0.000000000
0.000000000,0.000000000,0.000000000,0.000000000,0.000000000,0.000000000,0.100000000,0.000000000
0.000000000,0.000000000,0.000000000,0.000000000,0.000000000,0.000000000,0.100000000,0.000000000
0.000000000,0.000000000,0.000000000,0.000000000,0.000000000,0.000000000,0.100000000,0.000000000
0.000000000,0.000000000,0.000000000,0.000000000,0.000000000,0.000000000,0.100000000,0.000000000
0.000000000,0.000000000,0.000000000,0.000000000,0.000000000,0.000000000,0.100000000,0.000000000
0.000000000,0.000000000,0.000000000,0.000000000,0.000000000,0.000000000,0.100000000,0.000000000
0.000000000,0.000000000,0.000000000,0.000000000,0.000000000,0.000000000,0.100000000,0.000000000
0.000000000,0.000000000,0.000000000,0.000000000,0.000000000,0.000000000,0.100000000,0.000000000
0.000000000,0.000000000,0.000000000,0.000000000,0.000000000,0.000000000,0.100000000,0.000000000
0.000000000,0.000000000,0.000000000,0.000000000,0.000000000,0.000000000,0.100000000,0.000000000
0.000000000,0.000000000,0.000000000,0.000000000,0.000000000,0.000000000,0.100000000,0.000000000
0.000000000,0.000000000,0.000000000,0.000000000,0.000000000,0.000000000,0.100000000,0.000000000
0.000000000,0.000000000,0.000000000,0.000000000,0.000000000,0.000000000,0.100000000,0.000000000
0.000000000,0.000000000,0.000000000,0.000000000,0.000000000,0.000000000,0.100000000,0.000000000
0.000000000,0.000000000,0.000000000,0.000000000,0.000000000,0.000000000,0.100000000,0.000000000
0.000000000,0.000000000,0.000000000,0.000000000,0.000000000,0.000000000,0.100000000,0.000000000
0.000000000,0.000000000,0.000000000,0.000000000,0.000000000,0.000000000,0.100000000,0.000000000
0.000000000,0.000000000,0.000000000,0.000000000,0.000000000,0.000000000,0.100000000,0.000000000
0.000000000,0.000000000,0.000000000,0.000000000,0.000000000,0.000000000,0.100000000,0.000000000
0.000000000,0.000000000,0.000000000,0.000000000,0.000000000,0.000000000,0.100000000,0.000000000
0.000000000,0.000000000,0.000000000,0.000000000,0.000000000,0.000000000,0.100000000,0.000000000
0.000000000,0.000000000,0.000000000,0.000000000,0.000000000,0.000000000,0.100000000,0.000000000
0.000000000,0.000000000,0.000000000,0.000000000,0.000000000,0.000000000,0.100000000,0.000000000
0.000000000,0.000000000,0.000000000,0.000000000,0.000000000,0.000000000,0.100000000,0.000000000
0.000000000,0.000000000,0.000000000,0.000000000,0.000000000,0.000000000,0.100000000,0.000000000
0.000000000,0.000000000,0.000000000,0.000000000,0.000000000,0.000000000,0.100000000,0.000000000
0.000000000,0.000000000,0.000000000,0.000000000,0.000000000,0.000000000,0.100000000,0.000000000
0.000000000,0.000000000,0.000000000,0.000000000,0.000000000,0.000000000,0.100000000,0.000000000
0.000000000,0.000000000,0.000000000,0.000000000,0.000000000,0.000000000,0.100000000,0.000000000
0.000000000,0.000000000,0.000000000,0.000000000,0.000000000,0.000000000,0.100000000,0.000000000
0.000000000,0.000000000,0.000000000,0.000000000,0.000000000,0.000000000,0.100000000,0.000000000
0.000000000,0.000000000,0.000000000,0.000000000,0.000000000,0.000000000,0.100000000,0.000000000
0.000000000,0.000000000,0.000000000,0.000000000,0.000000000,0.000000000,0.100000000,0.000000000
0.000000000,0.000000000,0.000000000,0.000000000,0.000000000,0.000000000,0.100000000,0.000000000
0.000000000,0.000000000,0.000000000,0.000000000,0.000000000,0.000000000,0.100000000,0.000000000
0.000000000,0.000000000,0.000000000,0.000000000,0.000000000,0.000000000,0.100000000,0.000000000
0.000000000,0.000000000,0.000000000,0.000000000,0.000000000,0.000000000,0.100000000,0.000000000
0.000000000,0.000000000,0.000000000,0.000000000,0.000000000,0.000000000,0.100000000,0.000000000
0.000000000,0.000000000,0.000000000,0.000000000,0.000000000,0.000000000,0.100000000,0.000000000
0.000000000,0.000000000,0.000000000,0.000000000,0.000000000,0.000000000,0.100000000,0.000000000
0.000000000,0.000000000,0.000000000,0.000000000,0.000000000,0.000000000,0.100000000,0.000000000
0.000000000,0.000000000,0.000000000,0.000000000,0.000000000,0.000000000,0.100000000,0.000000000
0.000000000,0.000000000,0.000000000,0.000000000,0.000000000,0.000000000,0.100000000,0.000000000
0.000000000,0.000000000,0.000000000,0.000000000,0.000000000,0.000000000,0.100000000,0.000000000
0.000000000,0.000000000,0.000000000,0.000000000,0.000000000,0.000000000,0.100000000,0.000000000
0.000000000,0.000000000,0.000000000,0.000000000,0.000000000,0.000000000,0.100000000,0.000000000
0.000000000,0.000000000,0.000000000,0.000000000,0.000000000,0.000000000,0.100000000,0.000000000
0.000000000,0.000000000,0.000000000,0.000000000,0.000000000,0.000000000,0.100000000,0.000000000
0.000000000,0.000000000,0.000000000,0.000000000,0.000000000,0.000000000,0.100000000,0.000000000
0.000000000,0.000000000,0.000000000,0.000000000,0.000000000,0.000000000,0.100000000,0.000000000
0.000000000,0.000000000,0.000000000,0.000000000,0.000000000,0.000000000,0.100000000,0.000000000
0.000000000,0.000000000,0.000000000,0.000000000,0.000000000,0.000000000,0.100000000,0.000000000
0.000000000,0.000000000,0.000000000,0.000000000,0.000000000,0.000000000,0.100000000,0.000000000
0.000000000,0.000000000,0.000000000,0.000000000,0.000000000,0.000000000,0.100000000,0.000000000
0.000000000,0.000000000,0.000000000,0.000000000,0.000000000,0.000000000,0.100000000,0.000000000
0.000000000,0.000000000,0.000000000,0.000000000,0.000000000,0.000000000,0.100000000,0.000000000
0.000000000,0.000000000,0.000000000,0.000000000,0.000000000,0.000000000,0.100000000,0.000000000
0.000000000,0.000000000,0.000000000,0.000000000,0.000000000,0.000000000,0.100000000,0.000000000
0.000000000,0.000000000,0.000000000,0.000000000,0.000000000,0.000000000,0.100000000,0.000000000
0.000000000,0.000000000,0.000000000,0.000000000,0.000000000,0.000000000,0.100000000,0.000000000
0.000000000,0.000000000,0.000000000,0.000000000,0.000000000,0.000000000,0.100000000,0.000000000
0.000000000,0.000000000,0.000000000,0.000000000,0.000000000,0.000000000,0.100000000,0.000000000
0.000000000,0.000000000,0.000000000,0.000000000,0.000000000,0.000000000,0.100000000,0.000000000
0.000000000,0.000000000,0.000000000,0.000000000,0.000000000,0.000000000,0.100000000,0.000000000
0.000000000,0.000000000,0.000000000,0.000000000,0.000000000,0.000000000,0.100000000,0.000000000
0.000000000,0.000000000,0.000000000,0.000000000,0.000000000,0.000000000,0.100000000,0.000000000
0.000000000,0.000000000,0.000000000,0.000000000,0.000000000,0.000000000,0.100000000,0.000000000
0.000000000,0.000000000,0.000000000,0.000000000,0.000000000,0.000000000,0.100000000,0.000000000
0.000000000,0.000000000,0.000000000,0.000000000,0.000000000,0.000000000,0.100000000,0.000000000
0.000000000,0.000000000,0.000000000,0.000000000,0.000000000,0.000000000,0.100000000,0.000000000
0.000000000,0.000000000,0.000000000,0.000000000,0.000000000,0.000000000,0.100000000,0.000000000
0.000000000,0.000000000,0.000000000,0.000000000,0.000000000,0.000000000,0.100000000,0.000000000
0.000000000,0.000000000,0.000000000,0.000000000,0.000000000,0.000000000,0.100000000,0.000000000
0.000000000,0.000000000,0.000000000,0.000000000,0.000000000,0.000000000,0.100000000,0.000000000
0.000000000,0.000000000,0.000000000,0.000000000,0.000000000,0.000000000,0.100000000,0.000000000
0.000000000,0.000000000,0.000000000,0.000000000,0.000000000,0.000000000,0.100000000,0.000000000
0.000000000,0.000000000,0.000000000,0.000000000,0.000000000,0.000000000,0.100000000,0.000000000
0.000000000,0.000000000,0.000000000,0.000000000,0.000000000,0.000000000,0.100000000,0.000000000
0.000000000,0.000000000,0.000000000,0.000000000,0.000000000,0.000000000,0.100000000,0.000000000
0.000000000,0.000000000,0.000000000,0.000000000,0.000000000,0.000000000,0.100000000,0.000000000
0.000000000,0.000000000,0.000000000,0.000000000,0.000000000,0.000000000,0.100000000,0.000000000
0.000000000,0.000000000,0.000000000,0.000000000,0.000000000,0.000000000,0.100000000,0.000000000
0.000000000,0.000000000,0.000000000,0.000000000,0.000000000,0.000000000,0.100000000,0.000000000
0.000000000,0.000000000,0.000000000,0.000000000,0.000000000,0.000000000,0.100000000,0.000000000
0.000000000,0.000000000,0.000000000,0.000000000,0.000000000,0.000000000,0.100000000,0.000000000
0.000000000,0.000000000,0.000000000,0.000000000,0.000000000,0.000000000,0.100000000,0.000000000
0.000000000,0.000000000,0.000000000,0.000000000,0.000000000,0.000000000,0.100000000,0.000000000
0.000000000,0.000000000,0.000000000,0.000000000,0.000000000,0.000000000,0.100000000,0.000000000
0.000000000,0.000000000,0.000000000,0.000000000,0.000000000,0.000000000,0.100000000,0.000000000
0.000000000,0.000000000,0.000000000,0.000000000,0.000000000,0.000000000,0.100000000,0.000000000
0.000000000,0.000000000,0.000000000,0.000000000,0.000000000,0.000000000,0.100000000,0.000000000
0.000000000,0.000000000,0.000000000,0.000000000,0.000000000,0.000000000,0.100000000,0.000000000
0.000000000,0.000000000,0.000000000,0.000000000,0.000000000,0.000000000,0.100000000,0.000000000
0.000000000,0.000000000,0.000000000,0.000000000,0.000000000,0.000000000,0.100000000,0.000000000
0.000000000,0.000000000,0.000000000,0.000000000,0.000000000,0.000000000,0.100000000,0.000000000
0.000000000,0.000000000,0.000000000,0.000000000,0.000000000,0.000000000,0.100000000,0.000000000
0.000000000,0.000000000,0.000000000,0.000000000,0.000000000,0.000000000,0.100000000,0.000000000
0.000000000,0.000000000,0.000000000,0.000000000,0.000000000,0.000000000,0.100000000,0.000000000
0.000000000,0.000000000,0.000000000,0.000000000,0.000000000,0.000000000,0.100000000,0.000000000
0.000000000,0.000000000,0.000000000,0.000000000,0.000000000,0.000000000,0.100000000,0.000000000
0.000000000,0.000000000,0.000000000,0.000000000,0.000000000,0.000000000,0.100000000,0.000000000
0.000000000,0.000000000,0.000000000,0.000000000,0.000000000,0.000000000,0.100000000,0.000000000
0.000000000,0.000000000,0.000000000,0.000000000,0.000000000,0.000000000,0.100000000,0.000000000
0.000000000,0.000000000,0.000000000,0.000000000,0.000000000,0.000000000,0.100000000,0.000000000
0.000000000,0.000000000,0.000000000,0.000000000,0.000000000,0.000000000,0.100000000,0.000000000
0.000000000,0.000000000,0.000000000,0.000000000,0.000000000,0.000000000,0.100000000,0.000000000
0.000000000,0.000000000,0.000000000,0.000000000,0.000000000,0.000000000,0.100000000,0.000000000
0.000000000,0.000000000,0.000000000,0.000000000,0.000000000,0.000000000,0.100000000,0.000000000
0.000000000,0.000000000,0.000000000,0.000000000,0.000000000,0.000000000,0.100000000,0.000000000
0.000000000,0.000000000,0.000000000,0.000000000,0.000000000,0.000000000,0.100000000,0.000000000
0.000000000,0.000000000,0.000000000,0.000000000,0.000000000,0.000000000,0.100000000,0.000000000
0.000000000,0.000000000,0.000000000,0.000000000,0.000000000,0.000000000,0.100000000,0.000000000
0.000000000,0.000000000,0.000000000,0.000000000,0.000000000,0.000000000,0.100000000,0.000000000
0.000000000,0.000000000,0.000000000,0.000000000,0.000000000,0.000000000,0.100000000,0.000000000
0.000000000,0.000000000,0.000000000,0.000000000,0.000000000,0.000000000,0.100000000,0.000000000
0.000000000,0.000000000,0.000000000,0.000000000,0.000000000,0.000000000,0.100000000,0.000000000
0.000000000,0.000000000,0.000000000,0.000000000,0.000000000,0.000000000,0.100000000,0.000000000
0.000000000,0.000000000,0.000000000,0.000000000,0.000000000,0.000000000,0.100000000,0.000000000
0.000000000,0.000000000,0.000000000,0.000000000,0.000000000,0.000000000,0.100000000,0.000000000
0.000000000,0.000000000,0.000000000,0.000000000,0.000000000,0.000000000,0.100000000,0.000000000
0.000000000,0.000000000,0.000000000,0.000000000,0.000000000,0.000000000,0.100000000,0.000000000
0.000000000,0.000000000,0.000000000,0.000000000,0.000000000,0.000000000,0.100000000,0.000000000
0.000000000,0.000000000,0.000000000,0.000000000,0.000000000,0.000000000,0.100000000,0.000000000
0.000000000,0.000000000,0.000000000,0.000000000,0.000000000,0.000000000,0.100000000,0.000000000
0.000000000,0.000000000,0.000000000,0.000000000,0.000000000,0.000000000,0.100000000,0.000000000
0.000000000,0.000000000,0.000000000,0.000000000,0.000000000,0.000000000,0.100000000,0.000000000
0.000000000,0.000000000,0.000000000,0.000000000,0.000000000,0.000000000,0.100000000,0.000000000
0.000000000,0.000000000,0.000000000,0.000000000,0.000000000,0.000000000,0.100000000,0.000000000
0.000000000,0.000000000,0.000000000,0.000000000,0.000000000,0.000000000,0.100000000,0.000000000
0.000000000,0.000000000,0.000000000,0.000000000,0.000000000,0.000000000,0.100000000,0.000000000
0.000000000,0.000000000,0.000000000,0.000000000,0.000000000,0.000000000,0.100000000,0.000000000
0.000000000,0.000000000,0.000000000,0.000000000,0.000000000,0.000000000,0.100000000,0.000000000
0.000000000,0.000000000,0.000000000,0.000000000,0.000000000,0.000000000,0.100000000,0.000000000
0.000000000,0.000000000,0.000000000,0.000000000,0.000000000,0.000000000,0.100000000,0.000000000
0.000000000,0.000000000,0.000000000,0.000000000,0.000000000,0.000000000,0.100000000,0.000000000
0.000000000,0.000000000,0.000000000,0.000000000,0.000000000,0.000000000,0.100000000,0.000000000
0.000000000,0.000000000,0.000000000,0.000000000,0.000000000,0.000000000,0.100000000,0.000000000
0.000000000,0.000000000,0.000000000,0.000000000,0.000000000,0.000000000,0.100000000,0.000000000
0.000000000,0.000000000,0.000000000,0.000000000,0.000000000,0.000000000,0.100000000,0.000000000
0.000000000,0.000000000,0.000000000,0.000000000,0.000000000,0.000000000,0.100000000,0.000000000
0.000000000,0.000000000,0.000000000,0.000000000,0.000000000,0.000000000,0.100000000,0.000000000
0.000000000,0.000000000,0.000000000,0.000000000,0.000000000,0.000000000,0.100000000,0.000000000
0.000000000,0.000000000,0.000000000,0.000000000,0.000000000,0.000000000,0.100000000,0.000000000
0.000000000,0.000000000,0.000000000,0.000000000,0.000000000,0.000000000,0.100000000,0.000000000
0.000000000,0.000000000,0.000000000,0.000000000,0.000000000,0.000000000,0.100000000,0.000000000
0.000000000,0.000000000,0.000000000,0.000000000,0.000000000,0.000000000,0.100000000,0.000000000
0.000000000,0.000000000,0.000000000,0.000000000,0.000000000,0.000000000,0.100000000,0.000000000
0.000000000,0.000000000,0.000000000,0.000000000,0.000000000,0.000000000,0.100000000,0.000000000
0.000000000,0.000000000,0.000000000,0.000000000,0.000000000,0.000000000,0.100000000,0.000000000
0.000000000,0.000000000,0.000000000,0.000000000,0.000000000,0.000000000,0.100000000,0.000000000
0.000000000,0.000000000,0.000000000,0.000000000,0.000000000,0.000000000,0.100000000,0.000000000
0.000000000,0.000000000,0.000000000,0.000000000,0.000000000,0.000000000,0.100000000,0.000000000
0.000000000,0.000000000,0.000000000,0.000000000,0.000000000,0.000000000,0.100000000,0.000000000
0.000000000,0.000000000,0.000000000,0.000000000,0.000000000,0.000000000,0.100000000,0.000000000
0.000000000,0.000000000,0.000000000,0.000000000,0.000000000,0.000000000,0.100000000,0.000000000
0.000000000,0.000000000,0.000000000,0.000000000,0.000000000,0.000000000,0.100000000,0.000000000
0.000000000,0.000000000,0.000000000,0.000000000,0.000000000,0.000000000,0.100000000,0.000000000
0.000000000,0.000000000,0.000000000,0.000000000,0.000000000,0.000000000,0.100000000,0.000000000
0.000000000,0.000000000,0.000000000,0.000000000,0.000000000,0.000000000,0.100000000,0.000000000
0.000000000,0.000000000,0.000000000,0.000000000,0.000000000,0.000000000,0.100000000,0.000000000
0.000000000,0.000000000,0.000000000,0.000000000,0.000000000,0.000000000,0.100000000,0.000000000
0.000000000,0.000000000,0.000000000,0.000000000,0.000000000,0.000000000,0.100000000,0.000000000
0.000000000,0.000000000,0.000000000,0.000000000,0.000000000,0.000000000,0.100000000,0.000000000
0.000000000,0.000000000,0.000000000,0.000000000,0.000000000,0.000000000,0.100000000,0.000000000
0.000000000,0.000000000,0.000000000,0.000000000,0.000000000,0.000000000,0.100000000,0.000000000
0.000000000,0.000000000,0.000000000,0.000000000,0.000000000,0.000000000,0.100000000,0.000000000
0.000000000,0.000000000,0.000000000,0.000000000,0.000000000,0.000000000,0.100000000,0.000000000
0.000000000,0.000000000,0.000000000,0.000000000,0.000000000,0.000000000,0.100000000,0.000000000
0.000000000,0.000000000,0.000000000,0.000000000,0.000000000,0.000000000,0.100000000,0.000000000
0.000000000,0.000000000,0.000000000,0.000000000,0.000000000,0.000000000,0.100000000,0.000000000
0.000000000,0.000000000,0.000000000,0.000000000,0.000000000,0.000000000,0.100000000,0.000000000
0.000000000,0.000000000,0.000000000,0.000000000,0.000000000,0.000000000,0.100000000,0.000000000
0.000000000,0.000000000,0.000000000,0.000000000,0.000000000,0.000000000,0.100000000,0.000000000
0.000000000,0.000000000,0.000000000,0.000000000,0.000000000,0.000000000,0.100000000,0.000000000
0.000000000,0.000000000,0.000000000,0.000000000,0.000000000,0.000000000,0.100000000,0.000000000
0.000000000,0.000000000,0.000000000,0.000000000,0.000000000,0.000000000,0.100000000,0.000000000
0.000000000,0.000000000,0.000000000,0.000000000,0.000000000,0.000000000,0.100000000,0.000000000
0.000000000,0.000000000,0.000000000,0.000000000,0.000000000,0.000000000,0.100000000,0.000000000
0.000000000,0.000000000,0.000000000,0.000000000,0.000000000,0.000000000,0.100000000,0.000000000
0.000000000,0.000000000,0.000000000,0.000000000,0.000000000,0.000000000,0.100000000,0.000000000
0.000000000,0.000000000,0.000000000,0.000000000,0.000000000,0.000000000,0.100000000,0.000000000
0.000000000,0.000000000,0.000000000,0.000000000,0.000000000,0.000000000,0.100000000,0.000000000
0.000000000,0.000000000,0.000000000,0.000000000,0.000000000,0.000000000,0.100000000,0.000000000
0.000000000,0.000000000,0.000000000,0.000000000,0.000000000,0.000000000,0.100000000,0.000000000
0.000000000,0.000000000,0.000000000,0.000000000,0.000000000,0.000000000,0.100000000,0.000000000
0.000000000,0.000000000,0.000000000,0.000000000,0.000000000,0.000000000,0.100000000,0.000000000
0.000000000,0.000000000,0.000000000,0.000000000,0.000000000,0.000000000,0.100000000,0.000000000
0.000000000,0.000000000,0.000000000,0.000000000,0.000000000,0.000000000,0.100000000,0.000000000
0.000000000,0.000000000,0.000000000,0.000000000,0.000000000,0.000000000,0.100000000,0.000000000
0.000000000,0.000000000,0.000000000,0.000000000,0.000000000,0.000000000,0.100000000,0.000000000
0.000000000,0.000000000,0.000000000,0.000000000,0.000000000,0.000000000,0.100000000,0.000000000
0.000000000,0.000000000,0.000000000,0.000000000,0.000000000,0.000000000,0.100000000,0.000000000
0.000000000,0.000000000,0.000000000,0.000000000,0.000000000,0.000000000,0.100000000,0.000000000
0.000000000,0.000000000,0.000000000,0.000000000,0.000000000,0.000000000,0.100000000,0.000000000
0.000000000,0.000000000,0.000000000,0.000000000,0.000000000,0.000000000,0.100000000,0.000000000
0.000000000,0.000000000,0.000000000,0.000000000,0.000000000,0.000000000,0.100000000,0.000000000
0.000000000,0.000000000,0.000000000,0.000000000,0.000000000,0.000000000,0.100000000,0.000000000
0.000000000,0.000000000,0.000000000,0.000000000,0.000000000,0.000000000,0.100000000,0.000000000
0.000000000,0.000000000,0.000000000,0.000000000,0.000000000,0.000000000,0.100000000,0.000000000
0.000000000,0.000000000,0.000000000,0.000000000,0.000000000,0.000000000,0.100000000,0.000000000
0.000000000,0.000000000,0.000000000,0.000000000,0.000000000,0.000000000,0.100000000,0.000000000
0.000000000,0.000000000,0.000000000,0.000000000,0.000000000,0.000000000,0.100000000,0.000000000
0.000000000,0.000000000,0.000000000,0.000000000,0.000000000,0.000000000,0.100000000,0.000000000
0.000000000,0.000000000,0.000000000,0.000000000,0.000000000,0.000000000,0.100000000,0.000000000
0.000000000,0.000000000,0.000000000,0.000000000,0.000000000,0.000000000,0.100000000,0.000000000
0.000000000,0.000000000,0.000000000,0.000000000,0.000000000,0.000000000,0.100000000,0.000000000
0.000000000,0.000000000,0.000000000,0.000000000,0.000000000,0.000000000,0.100000000,0.000000000
0.000000000,0.000000000,0.000000000,0.000000000,0.000000000,0.000000000,0.100000000,0.000000000
0.000000000,0.000000000,0.000000000,0.000000000,0.000000000,0.000000000,0.100000000,0.000000000
0.000000000,0.000000000,0.000000000,0.000000000,0.000000000,0.000000000,0.100000000,0.000000000
0.000000000,0.000000000,0.000000000,0.000000000,0.000000000,0.000000000,0.100000000,0.000000000
0.000000000,0.000000000,0.000000000,0.000000000,0.000000000,0.000000000,0.100000000,0.000000000
0.000000000,0.000000000,0.000000000,0.000000000,0.000000000,0.000000000,0.100000000,0.000000000
0.000000000,0.000000000,0.000000000,0.000000000,0.000000000,0.000000000,0.100000000,0.000000000
0.000000000,0.000000000,0.000000000,0.000000000,0.000000000,0.000000000,0.100000000,0.000000000
0.000000000,0.000000000,0.000000000,0.000000000,0.000000000,0.000000000,0.100000000,0.000000000
0.000000000,0.000000000,0.000000000,0.000000000,0.000000000,0.000000000,0.100000000,0.000000000
0.000000000,0.000000000,0.000000000,0.000000000,0.000000000,0.000000000,0.100000000,0.000000000
0.000000000,0.000000000,0.000000000,0.000000000,0.000000000,0.000000000,0.100000000,0.000000000
0.000000000,0.000000000,0.000000000,0.000000000,0.000000000,0.000000000,0.100000000,0.000000000
0.000000000,0.000000000,0.000000000,0.000000000,0.000000000,0.000000000,0.100000000,0.000000000
0.000000000,0.000000000,0.000000000,0.000000000,0.000000000,0.000000000,0.100000000,0.000000000
0.000000000,0.000000000,0.000000000,0.000000000,0.000000000,0.000000000,0.100000000,0.000000000
0.000000000,0.000000000,0.000000000,0.000000000,0.000000000,0.000000000,0.100000000,0.000000000
0.000000000,0.000000000,0.000000000,0.000000000,0.000000000,0.000000000,0.100000000,0.000000000
0.000000000,0.000000000,0.000000000,0.000000000,0.000000000,0.000000000,0.100000000,0.000000000
0.000000000,0.000000000,0.000000000,0.000000000,0.000000000,0.000000000,0.100000000,0.000000000
0.000000000,0.000000000,0.000000000,0.000000000,0.000000000,0.000000000,0.100000000,0.000000000
0.000000000,0.000000000,0.000000000,0.000000000,0.000000000,0.000000000,0.100000000,0.000000000
0.000000000,0.000000000,0.000000000,0.000000000,0.000000000,0.000000000,0.100000000,0.000000000
0.000000000,0.000000000,0.000000000,0.000000000,0.000000000,0.000000000,0.100000000,0.000000000
0.000000000,0.000000000,0.000000000,0.000000000,0.000000000,0.000000000,0.100000000,0.000000000
0.000000000,0.000000000,0.000000000,0.000000000,0.000000000,0.000000000,0.100000000,0.000000000
0.000000000,0.000000000,0.000000000,0.000000000,0.000000000,0.000000000,0.100000000,0.000000000
0.000000000,0.000000000,0.000000000,0.000000000,0.000000000,0.000000000,0.100000000,0.000000000
0.000000000,0.000000000,0.000000000,0.000000000,0.000000000,0.000000000,0.100000000,0.000000000
0.000000000,0.000000000,0.000000000,0.000000000,0.000000000,0.000000000,0.100000000,0.000000000
0.000000000,0.000000000,0.000000000,0.000000000,0.000000000,0.000000000,0.100000000,0.000000000
0.000000000,0.000000000,0.000000000,0.000000000,0.000000000,0.000000000,0.100000000,0.000000000
0.000000000,0.000000000,0.000000000,0.000000000,0.000000000,0.000000000,0.100000000,0.000000000
0.000000000,0.000000000,0.000000000,0.000000000,0.000000000,0.000000000,0.100000000,0.000000000
0.000000000,0.000000000,0.000000000,0.000000000,0.000000000,0.000000000,0.100000000,0.000000000
0.000000000,0.000000000,0.000000000,0.000000000,0.000000000,0.000000000,0.100000000,0.000000000
0.000000000,0.000000000,0.000000000,0.000000000,0.000000000,0.000000000,0.100000000,0.000000000
0.000000000,0.000000000,0.000000000,0.000000000,0.000000000,0.000000000,0.100000000,0.000000000
0.000000000,0.000000000,0.000000000,0.000000000,0.000000000,0.000000000,0.100000000,0.000000000
0.000000000,0.000000000,0.000000000,0.000000000,0.000000000,0.000000000,0.100000000,0.000000000
0.000000000,0.000000000,0.000000000,0.000000000,0.000000000,0.000000000,0.100000000,0.000000000
0.000000000,0.000000000,0.000000000,0.000000000,0.000000000,0.000000000,0.100000000,0.000000000
0.000000000,0.000000000,0.000000000,0.000000000,0.000000000,0.000000000,0.100000000,0.000000000
0.000000000,0.000000000,0.000000000,0.000000000,0.000000000,0.000000000,0.100000000,0.000000000
0.000000000,0.000000000,0.000000000,0.000000000,0.000000000,0.000000000,0.100000000,0.000000000
0.000000000,0.000000000,0.000000000,0.000000000,0.000000000,0.000000000,0.100000000,0.000000000
0.000000000,0.000000000,0.000000000,0.000000000,0.000000000,0.000000000,0.100000000,0.000000000
0.000000000,0.000000000,0.000000000,0.000000000,0.000000000,0.000000000,0.100000000,0.000000000
0.000000000,0.000000000,0.000000000,0.000000000,0.000000000,0.000000000,0.100000000,0.000000000
0.000000000,0.000000000,0.000000000,0.000000000,0.000000000,0.000000000,0.100000000,0.000000000
0.000000000,0.000000000,0.000000000,0.000000000,0.000000000,0.000000000,0.100000000,0.000000000
0.000000000,0.000000000,0.000000000,0.000000000,0.000000000,0.000000000,0.100000000,0.000000000
0.000000000,0.000000000,0.000000000,0.000000000,0.000000000,0.000000000,0.100000000,0.000000000
0.000000000,0.000000000,0.000000000,0.000000000,0.000000000,0.000000000,0.100000000,0.000000000
0.000000000,0.000000000,0.000000000,0.000000000,0.000000000,0.000000000,0.100000000,0.000000000
0.000000000,0.000000000,0.000000000,0.000000000,0.000000000,0.000000000,0.100000000,0.000000000
0.000000000,0.000000000,0.000000000,0.000000000,0.000000000,0.000000000,0.100000000,0.000000000
0.000000000,0.000000000,0.000000000,0.000000000,0.000000000,0.000000000,0.100000000,0.000000000
0.000000000,0.000000000,0.000000000,0.000000000,0.000000000,0.000000000,0.100000000,0.000000000
0.000000000,0.000000000,0.000000000,0.000000000,0.000000000,0.000000000,0.100000000,0.000000000
0.000000000,0.000000000,0.000000000,0.000000000,0.000000000,0.000000000,0.100000000,0.000000000
0.000000000,0.000000000,0.000000000,0.000000000,0.000000000,0.000000000,0.100000000,0.000000000
0.000000000,0.000000000,0.000000000,0.000000000,0.000000000,0.000000000,0.100000000,0.000000000
0.000000000,0.000000000,0.000000000,0.000000000,0.000000000,0.000000000,0.100000000,0.000000000
0.000000000,0.000000000,0.000000000,0.000000000,0.000000000,0.000000000,0.100000000,0.000000000
0.000000000,0.000000000,0.000000000,0.000000000,0.000000000,0.000000000,0.100000000,0.000000000
0.000000000,0.000000000,0.000000000,0.000000000,0.000000000,0.000000000,0.100000000,0.000000000
0.000000000,0.000000000,0.000000000,0.000000000,0.000000000,0.000000000,0.100000000,0.000000000
0.000000000,0.000000000,0.000000000,0.000000000,0.000000000,0.000000000,0.100000000,0.000000000
0.000000000,0.000000000,0.000000000,0.000000000,0.000000000,0.000000000,0.100000000,0.000000000
0.000000000,0.000000000,0.000000000,0.000000000,0.000000000,0.000000000,0.100000000,0.000000000
0.000000000,0.000000000,0.000000000,0.000000000,0.000000000,0.000000000,0.100000000,0.000000000
0.000000000,0.000000000,0.000000000,0.000000000,0.000000000,0.000000000,0.100000000,0.000000000
0.000000000,0.000000000,0.000000000,0.000000000,0.000000000,0.000000000,0.100000000,0.000000000
0.000000000,0.000000000,0.000000000,0.000000000,0.000000000,0.000000000,0.100000000,0.000000000
0.000000000,0.000000000,0.000000000,0.000000000,0.000000000,0.000000000,0.100000000,0.000000000
0.000000000,0.000000000,0.000000000,0.000000000,0.000000000,0.000000000,0.100000000,0.000000000
0.000000000,0.000000000,0.000000000,0.000000000,0.000000000,0.000000000,0.100000000,0.000000000
0.000000000,0.000000000,0.000000000,0.000000000,0.000000000,0.000000000,0.100000000,0.000000000
0.000000000,0.000000000,0.000000000,0.000000000,0.000000000,0.000000000,0.100000000,0.000000000
0.000000000,0.000000000,0.000000000,0.000000000,0.000000000,0.000000000,0.100000000,0.000000000
0.000000000,0.000000000,0.000000000,0.000000000,0.000000000,0.000000000,0.100000000,0.000000000
0.000000000,0.000000000,0.000000000,0.000000000,0.000000000,0.000000000,0.100000000,0.000000000
0.000000000,0.000000000,0.000000000,0.000000000,0.000000000,0.000000000,0.100000000,0.000000000
0.000000000,0.000000000,0.000000000,0.000000000,0.000000000,0.000000000,0.100000000,0.000000000
0.000000000,0.000000000,0.000000000,0.000000000,0.000000000,0.000000000,0.100000000,0.000000000
0.000000000,0.000000000,0.000000000,0.000000000,0.000000000,0.000000000,0.100000000,0.000000000
0.000000000,0.000000000,0.000000000,0.000000000,0.000000000,0.000000000,0.100000000,0.000000000
0.000000000,0.000000000,0.000000000,0.000000000,0.000000000,0.000000000,0.100000000,0.000000000
0.000000000,0.000000000,0.000000000,0.000000000,0.000000000,0.000000000,0.100000000,0.000000000
0.000000000,0.000000000,0.000000000,0.000000000,0.000000000,0.000000000,0.100000000,0.000000000
0.000000000,0.000000000,0.000000000,0.000000000,0.000000000,0.000000000,0.100000000,0.000000000
0.000000000,0.000000000,0.000000000,0.000000000,0.000000000,0.000000000,0.100000000,0.000000000
0.000000000,0.000000000,0.000000000,0.000000000,0.000000000,0.000000000,0.100000000,0.000000000
0.000000000,0.000000000,0.000000000,0.000000000,0.000000000,0.000000000,0.100000000,0.000000000
0.000000000,0.000000000,0.000000000,0.000000000,0.000000000,0.000000000,0.100000000,0.000000000
0.000000000,0.000000000,0.000000000,0.000000000,0.000000000,0.000000000,0.100000000,0.000000000
0.000000000,0.000000000,0.000000000,0.000000000,0.000000000,0.000000000,0.100000000,0.000000000
0.000000000,0.000000000,0.000000000,0.000000000,0.000000000,0.000000000,0.100000000,0.000000000
0.000000000,0.000000000,0.000000000,0.000000000,0.000000000,0.000000000,0.100000000,0.000000000
0.000000000,0.000000000,0.000000000,0.000000000,0.000000000,0.000000000,0.100000000,0.000000000
0.000000000,0.000000000,0.000000000,0.000000000,0.000000000,0.000000000,0.100000000,0.000000000
0.000000000,0.000000000,0.000000000,0.000000000,0.000000000,0.000000000,0.100000000,0.000000000
0.000000000,0.000000000,0.000000000,0.000000000,0.000000000,0.000000000,0.100000000,0.000000000
0.000000000,0.000000000,0.000000000,0.000000000,0.000000000,0.000000000,0.100000000,0.000000000
0.000000000,0.000000000,0.000000000,0.000000000,0.000000000,0.000000000,0.100000000,0.000000000
0.000000000,0.000000000,0.000000000,0.000000000,0.000000000,0.000000000,0.100000000,0.000000000
0.000000000,0.000000000,0.000000000,0.000000000,0.000000000,0.000000000,0.100000000,0.000000000
0.000000000,0.000000000,0.000000000,0.000000000,0.000000000,0.000000000,0.100000000,0.000000000
0.000000000,0.000000000,0.000000000,0.000000000,0.000000000,0.000000000,0.100000000,0.000000000
0.000000000,0.000000000,0.000000000,0.000000000,0.000000000,0.000000000,0.100000000,0.000000000
0.000000000,0.000000000,0.000000000,0.000000000,0.000000000,0.000000000,0.100000000,0.000000000
0.000000000,0.000000000,0.000000000,0.000000000,0.000000000,0.000000000,0.100000000,0.000000000
0.000000000,0.000000000,0.000000000,0.000000000,0.000000000,0.000000000,0.100000000,0.000000000
0.000000000,0.000000000,0.000000000,0.000000000,0.000000000,0.000000000,0.100000000,0.000000000
0.000000000,0.000000000,0.000000000,0.000000000,0.000000000,0.000000000,0.100000000,0.000000000
0.000000000,0.000000000,0.000000000,0.000000000,0.000000000,0.000000000,0.100000000,0.000000000
0.000000000,0.000000000,0.000000000,0.000000000,0.000000000,0.000000000,0.100000000,0.000000000
0.000000000,0.000000000,0.000000000,0.000000000,0.000000000,0.000000000,0.100000000,0.000000000
